"Family1","Family2","Total","Low","Slight","High"
"total","total",2584,400,1238,946
"Amphipoda","Asellidae",252,140,105,7
"Amphipoda","Athericidae",59,6,42,11
"Amphipoda","Baetiscidae",1,0,1,0
"Amphipoda","Brachycentridae",29,0,10,19
"Amphipoda","Caenidae",77,11,46,20
"Amphipoda","Calopterygidae",26,9,15,2
"Amphipoda","Capniidae",2,0,2,0
"Amphipoda","Chironomus",39,21,18,0
"Amphipoda","Chloroperlidae",4,1,2,1
"Amphipoda","Coenagrionidae",67,30,31,6
"Amphipoda","Cordulegastridae",3,2,1,0
"Amphipoda","Corixidae",12,8,4,0
"Amphipoda","Corydalidae",105,13,69,23
"Amphipoda","Ephemerellidae",61,2,32,27
"Amphipoda","Ephemeridae",8,0,5,3
"Amphipoda","Glossosomatidae",18,1,10,7
"Amphipoda","Gomphidae",31,4,16,11
"Amphipoda","Haliplidae",11,7,4,0
"Amphipoda","Helicopsychidae",21,3,12,6
"Amphipoda","Heptageniidae",210,31,137,42
"Amphipoda","Hirudinea",90,64,25,1
"Amphipoda","Hydroptilidae",104,21,69,14
"Amphipoda","Isonychiidae",91,2,54,35
"Amphipoda","Lepidostomatidae",13,0,5,8
"Amphipoda","Leptohyphidae",64,5,40,19
"Amphipoda","Leptophlebiidae",24,2,17,5
"Amphipoda","Leuctridae",31,4,18,9
"Amphipoda","Lymnaeidae",22,7,14,1
"Amphipoda","Nemouridae",1,0,1,0
"Amphipoda","Odontoceridae",4,0,2,2
"Amphipoda","Pelecypoda",123,58,60,5
"Amphipoda","Peltoperlidae",1,0,0,1
"Amphipoda","Perlidae",115,9,67,39
"Amphipoda","Perlodidae",6,0,3,3
"Amphipoda","Philopotamidae",245,46,157,42
"Amphipoda","Physidae",86,40,43,3
"Amphipoda","Polycentropodidae",33,9,18,6
"Amphipoda","Polymitarcyidae",5,0,1,4
"Amphipoda","Potamanthidae",11,0,7,4
"Amphipoda","Psephenidae",229,44,149,36
"Amphipoda","Pteronarcidae",3,0,2,1
"Amphipoda","Rhyacophilidae",33,3,20,10
"Amphipoda","Sialidae",32,6,19,7
"Amphipoda","Simuliidae",276,107,145,24
"Amphipoda","Tabanidae",28,18,8,2
"Amphipoda","Turbellaria",215,113,91,11
"Amphipoda","Uenoidae",10,0,7,3
"Asellidae","Athericidae",20,1,14,5
"Asellidae","Baetiscidae",0,0,0,0
"Asellidae","Brachycentridae",9,0,7,2
"Asellidae","Caenidae",35,12,17,6
"Asellidae","Calopterygidae",21,10,10,1
"Asellidae","Capniidae",1,0,0,1
"Asellidae","Chironomus",27,18,8,1
"Asellidae","Chloroperlidae",5,0,3,2
"Asellidae","Coenagrionidae",38,25,12,1
"Asellidae","Cordulegastridae",2,2,0,0
"Asellidae","Corixidae",8,6,2,0
"Asellidae","Corydalidae",43,7,30,6
"Asellidae","Ephemerellidae",28,3,14,11
"Asellidae","Ephemeridae",7,0,5,2
"Asellidae","Glossosomatidae",8,1,4,3
"Asellidae","Gomphidae",17,3,9,5
"Asellidae","Haliplidae",10,7,3,0
"Asellidae","Helicopsychidae",13,2,7,4
"Asellidae","Heptageniidae",119,27,74,18
"Asellidae","Hirudinea",84,61,21,2
"Asellidae","Hydroptilidae",65,16,45,4
"Asellidae","Isonychiidae",22,1,14,7
"Asellidae","Lepidostomatidae",9,1,3,5
"Asellidae","Leptohyphidae",21,5,9,7
"Asellidae","Leptophlebiidae",24,3,15,6
"Asellidae","Leuctridae",29,6,17,6
"Asellidae","Lymnaeidae",17,7,9,1
"Asellidae","Nemouridae",1,0,1,0
"Asellidae","Odontoceridae",7,0,5,2
"Asellidae","Pelecypoda",79,49,27,3
"Asellidae","Peltoperlidae",2,0,1,1
"Asellidae","Perlidae",45,4,28,13
"Asellidae","Perlodidae",1,0,0,1
"Asellidae","Philopotamidae",153,32,104,17
"Asellidae","Physidae",63,36,26,1
"Asellidae","Polycentropodidae",20,8,8,4
"Asellidae","Polymitarcyidae",2,0,2,0
"Asellidae","Potamanthidae",1,0,1,0
"Asellidae","Psephenidae",127,35,81,11
"Asellidae","Pteronarcidae",3,0,3,0
"Asellidae","Rhyacophilidae",21,0,17,4
"Asellidae","Sialidae",21,5,14,2
"Asellidae","Simuliidae",192,79,102,11
"Asellidae","Tabanidae",18,9,8,1
"Asellidae","Turbellaria",157,96,57,4
"Asellidae","Uenoidae",4,0,2,2
"Athericidae","Baetiscidae",3,0,1,2
"Athericidae","Brachycentridae",93,0,16,77
"Athericidae","Caenidae",156,0,56,100
"Athericidae","Calopterygidae",11,1,8,2
"Athericidae","Capniidae",5,0,0,5
"Athericidae","Chironomus",5,1,3,1
"Athericidae","Chloroperlidae",37,0,9,28
"Athericidae","Coenagrionidae",17,0,7,10
"Athericidae","Cordulegastridae",8,0,3,5
"Athericidae","Corixidae",0,0,0,0
"Athericidae","Corydalidae",222,2,89,131
"Athericidae","Ephemerellidae",223,0,50,173
"Athericidae","Ephemeridae",28,0,10,18
"Athericidae","Glossosomatidae",77,0,16,61
"Athericidae","Gomphidae",133,1,43,89
"Athericidae","Haliplidae",0,0,0,0
"Athericidae","Helicopsychidae",56,1,18,37
"Athericidae","Heptageniidae",418,1,154,263
"Athericidae","Hirudinea",10,2,4,4
"Athericidae","Hydroptilidae",82,3,41,38
"Athericidae","Isonychiidae",320,1,110,209
"Athericidae","Lepidostomatidae",33,0,6,27
"Athericidae","Leptohyphidae",68,1,28,39
"Athericidae","Leptophlebiidae",104,0,20,84
"Athericidae","Leuctridae",109,0,34,75
"Athericidae","Lymnaeidae",5,0,3,2
"Athericidae","Nemouridae",6,0,3,3
"Athericidae","Odontoceridae",54,0,5,49
"Athericidae","Pelecypoda",58,2,26,30
"Athericidae","Peltoperlidae",22,0,8,14
"Athericidae","Perlidae",396,2,140,254
"Athericidae","Perlodidae",37,0,6,31
"Athericidae","Philopotamidae",440,2,175,263
"Athericidae","Physidae",18,2,6,10
"Athericidae","Polycentropodidae",34,1,7,26
"Athericidae","Polymitarcyidae",8,0,1,7
"Athericidae","Potamanthidae",7,0,3,4
"Athericidae","Psephenidae",364,3,172,189
"Athericidae","Pteronarcidae",40,0,5,35
"Athericidae","Rhyacophilidae",163,0,56,107
"Athericidae","Sialidae",34,0,20,14
"Athericidae","Simuliidae",224,3,110,111
"Athericidae","Tabanidae",20,0,9,11
"Athericidae","Turbellaria",88,1,52,35
"Athericidae","Uenoidae",12,0,3,9
"Baetiscidae","Brachycentridae",10,0,4,6
"Baetiscidae","Caenidae",3,1,1,1
"Baetiscidae","Calopterygidae",0,0,0,0
"Baetiscidae","Capniidae",0,0,0,0
"Baetiscidae","Chironomus",1,1,0,0
"Baetiscidae","Chloroperlidae",4,0,0,4
"Baetiscidae","Coenagrionidae",0,0,0,0
"Baetiscidae","Cordulegastridae",0,0,0,0
"Baetiscidae","Corixidae",0,0,0,0
"Baetiscidae","Corydalidae",10,0,5,5
"Baetiscidae","Ephemerellidae",10,0,2,8
"Baetiscidae","Ephemeridae",0,0,0,0
"Baetiscidae","Glossosomatidae",3,0,1,2
"Baetiscidae","Gomphidae",6,1,2,3
"Baetiscidae","Haliplidae",0,0,0,0
"Baetiscidae","Helicopsychidae",2,0,0,2
"Baetiscidae","Heptageniidae",11,0,4,7
"Baetiscidae","Hirudinea",1,0,1,0
"Baetiscidae","Hydroptilidae",3,0,0,3
"Baetiscidae","Isonychiidae",9,0,4,5
"Baetiscidae","Lepidostomatidae",5,0,0,5
"Baetiscidae","Leptohyphidae",3,0,2,1
"Baetiscidae","Leptophlebiidae",3,0,1,2
"Baetiscidae","Leuctridae",0,0,0,0
"Baetiscidae","Lymnaeidae",0,0,0,0
"Baetiscidae","Nemouridae",1,0,0,1
"Baetiscidae","Odontoceridae",4,0,1,3
"Baetiscidae","Pelecypoda",2,0,0,2
"Baetiscidae","Peltoperlidae",3,0,0,3
"Baetiscidae","Perlidae",12,0,5,7
"Baetiscidae","Perlodidae",2,0,0,2
"Baetiscidae","Philopotamidae",14,0,5,9
"Baetiscidae","Physidae",0,0,0,0
"Baetiscidae","Polycentropodidae",3,0,0,3
"Baetiscidae","Polymitarcyidae",1,0,1,0
"Baetiscidae","Potamanthidae",0,0,0,0
"Baetiscidae","Psephenidae",3,0,2,1
"Baetiscidae","Pteronarcidae",2,0,1,1
"Baetiscidae","Rhyacophilidae",9,0,0,9
"Baetiscidae","Sialidae",0,0,0,0
"Baetiscidae","Simuliidae",10,0,3,7
"Baetiscidae","Tabanidae",0,0,0,0
"Baetiscidae","Turbellaria",0,0,0,0
"Baetiscidae","Uenoidae",0,0,0,0
"Brachycentridae","Caenidae",51,0,5,46
"Brachycentridae","Calopterygidae",4,1,1,2
"Brachycentridae","Capniidae",4,0,0,4
"Brachycentridae","Chironomus",0,0,0,0
"Brachycentridae","Chloroperlidae",33,0,4,29
"Brachycentridae","Coenagrionidae",9,0,4,5
"Brachycentridae","Cordulegastridae",5,0,2,3
"Brachycentridae","Corixidae",0,0,0,0
"Brachycentridae","Corydalidae",93,0,23,70
"Brachycentridae","Ephemerellidae",200,0,42,158
"Brachycentridae","Ephemeridae",13,0,1,12
"Brachycentridae","Glossosomatidae",56,0,11,45
"Brachycentridae","Gomphidae",88,0,13,75
"Brachycentridae","Haliplidae",0,0,0,0
"Brachycentridae","Helicopsychidae",21,0,4,17
"Brachycentridae","Heptageniidae",201,0,37,164
"Brachycentridae","Hirudinea",4,0,1,3
"Brachycentridae","Hydroptilidae",43,0,10,33
"Brachycentridae","Isonychiidae",161,0,31,130
"Brachycentridae","Lepidostomatidae",44,0,6,38
"Brachycentridae","Leptohyphidae",53,0,10,43
"Brachycentridae","Leptophlebiidae",73,0,9,64
"Brachycentridae","Leuctridae",51,0,11,40
"Brachycentridae","Lymnaeidae",3,0,0,3
"Brachycentridae","Nemouridae",6,0,2,4
"Brachycentridae","Odontoceridae",26,0,5,21
"Brachycentridae","Pelecypoda",35,0,9,26
"Brachycentridae","Peltoperlidae",14,0,1,13
"Brachycentridae","Perlidae",211,0,46,165
"Brachycentridae","Perlodidae",31,0,1,30
"Brachycentridae","Philopotamidae",214,0,54,160
"Brachycentridae","Physidae",11,0,6,5
"Brachycentridae","Polycentropodidae",31,0,4,27
"Brachycentridae","Polymitarcyidae",8,0,2,6
"Brachycentridae","Potamanthidae",8,0,1,7
"Brachycentridae","Psephenidae",117,1,33,83
"Brachycentridae","Pteronarcidae",25,0,5,20
"Brachycentridae","Rhyacophilidae",101,0,20,81
"Brachycentridae","Sialidae",13,0,1,12
"Brachycentridae","Simuliidae",114,1,33,80
"Brachycentridae","Tabanidae",4,0,1,3
"Brachycentridae","Turbellaria",37,0,9,28
"Brachycentridae","Uenoidae",13,0,2,11
"Caenidae","Calopterygidae",14,0,13,1
"Caenidae","Capniidae",3,0,0,3
"Caenidae","Chironomus",16,6,9,1
"Caenidae","Chloroperlidae",10,0,1,9
"Caenidae","Coenagrionidae",36,8,20,8
"Caenidae","Cordulegastridae",2,0,1,1
"Caenidae","Corixidae",5,1,4,0
"Caenidae","Corydalidae",100,0,31,69
"Caenidae","Ephemerellidae",158,0,37,121
"Caenidae","Ephemeridae",32,0,13,19
"Caenidae","Glossosomatidae",34,0,6,28
"Caenidae","Gomphidae",98,1,33,64
"Caenidae","Haliplidae",2,2,0,0
"Caenidae","Helicopsychidae",45,0,14,31
"Caenidae","Heptageniidae",335,4,120,211
"Caenidae","Hirudinea",21,8,6,7
"Caenidae","Hydroptilidae",85,4,39,42
"Caenidae","Isonychiidae",278,0,88,190
"Caenidae","Lepidostomatidae",14,0,1,13
"Caenidae","Leptohyphidae",82,0,33,49
"Caenidae","Leptophlebiidae",82,0,17,65
"Caenidae","Leuctridae",60,1,16,43
"Caenidae","Lymnaeidae",11,3,4,4
"Caenidae","Nemouridae",0,0,0,0
"Caenidae","Odontoceridae",34,0,5,29
"Caenidae","Pelecypoda",57,4,27,26
"Caenidae","Peltoperlidae",3,0,0,3
"Caenidae","Perlidae",242,0,69,173
"Caenidae","Perlodidae",8,0,2,6
"Caenidae","Philopotamidae",283,3,92,188
"Caenidae","Physidae",29,4,12,13
"Caenidae","Polycentropodidae",33,1,9,23
"Caenidae","Polymitarcyidae",16,0,3,13
"Caenidae","Potamanthidae",15,0,4,11
"Caenidae","Psephenidae",299,1,119,179
"Caenidae","Pteronarcidae",6,0,0,6
"Caenidae","Rhyacophilidae",44,0,8,36
"Caenidae","Sialidae",34,2,17,15
"Caenidae","Simuliidae",120,1,41,78
"Caenidae","Tabanidae",20,1,8,11
"Caenidae","Turbellaria",85,8,42,35
"Caenidae","Uenoidae",9,0,0,9
"Calopterygidae","Capniidae",1,0,1,0
"Calopterygidae","Chironomus",1,0,1,0
"Calopterygidae","Chloroperlidae",4,1,0,3
"Calopterygidae","Coenagrionidae",7,1,5,1
"Calopterygidae","Cordulegastridae",3,1,2,0
"Calopterygidae","Corixidae",5,0,5,0
"Calopterygidae","Corydalidae",30,5,21,4
"Calopterygidae","Ephemerellidae",7,1,4,2
"Calopterygidae","Ephemeridae",1,0,0,1
"Calopterygidae","Glossosomatidae",3,0,1,2
"Calopterygidae","Gomphidae",13,1,12,0
"Calopterygidae","Haliplidae",1,0,1,0
"Calopterygidae","Helicopsychidae",3,0,2,1
"Calopterygidae","Heptageniidae",28,1,22,5
"Calopterygidae","Hirudinea",6,4,2,0
"Calopterygidae","Hydroptilidae",9,1,5,3
"Calopterygidae","Isonychiidae",12,1,8,3
"Calopterygidae","Lepidostomatidae",1,0,1,0
"Calopterygidae","Leptohyphidae",5,0,3,2
"Calopterygidae","Leptophlebiidae",12,1,10,1
"Calopterygidae","Leuctridae",9,0,6,3
"Calopterygidae","Lymnaeidae",4,1,2,1
"Calopterygidae","Nemouridae",0,0,0,0
"Calopterygidae","Odontoceridae",1,0,1,0
"Calopterygidae","Pelecypoda",11,5,6,0
"Calopterygidae","Peltoperlidae",1,0,1,0
"Calopterygidae","Perlidae",21,2,14,5
"Calopterygidae","Perlodidae",0,0,0,0
"Calopterygidae","Philopotamidae",39,5,25,9
"Calopterygidae","Physidae",11,3,7,1
"Calopterygidae","Polycentropodidae",7,1,6,0
"Calopterygidae","Polymitarcyidae",0,0,0,0
"Calopterygidae","Potamanthidae",0,0,0,0
"Calopterygidae","Psephenidae",33,3,23,7
"Calopterygidae","Pteronarcidae",0,0,0,0
"Calopterygidae","Rhyacophilidae",7,0,5,2
"Calopterygidae","Sialidae",7,0,5,2
"Calopterygidae","Simuliidae",29,8,15,6
"Calopterygidae","Tabanidae",14,6,7,1
"Calopterygidae","Turbellaria",20,8,11,1
"Calopterygidae","Uenoidae",0,0,0,0
"Capniidae","Chironomus",1,0,1,0
"Capniidae","Chloroperlidae",5,0,3,2
"Capniidae","Coenagrionidae",0,0,0,0
"Capniidae","Cordulegastridae",2,0,2,0
"Capniidae","Corixidae",0,0,0,0
"Capniidae","Corydalidae",12,0,5,7
"Capniidae","Ephemerellidae",17,0,6,11
"Capniidae","Ephemeridae",3,0,0,3
"Capniidae","Glossosomatidae",8,0,1,7
"Capniidae","Gomphidae",11,0,3,8
"Capniidae","Haliplidae",0,0,0,0
"Capniidae","Helicopsychidae",0,0,0,0
"Capniidae","Heptageniidae",25,0,8,17
"Capniidae","Hirudinea",2,0,0,2
"Capniidae","Hydroptilidae",4,0,2,2
"Capniidae","Isonychiidae",9,0,1,8
"Capniidae","Lepidostomatidae",4,0,1,3
"Capniidae","Leptohyphidae",3,0,0,3
"Capniidae","Leptophlebiidae",11,0,2,9
"Capniidae","Leuctridae",16,0,9,7
"Capniidae","Lymnaeidae",1,0,1,0
"Capniidae","Nemouridae",1,0,0,1
"Capniidae","Odontoceridae",3,0,1,2
"Capniidae","Pelecypoda",0,0,0,0
"Capniidae","Peltoperlidae",3,0,1,2
"Capniidae","Perlidae",23,0,6,17
"Capniidae","Perlodidae",7,0,2,5
"Capniidae","Philopotamidae",25,0,6,19
"Capniidae","Physidae",2,0,1,1
"Capniidae","Polycentropodidae",10,0,5,5
"Capniidae","Polymitarcyidae",0,0,0,0
"Capniidae","Potamanthidae",0,0,0,0
"Capniidae","Psephenidae",20,0,7,13
"Capniidae","Pteronarcidae",6,0,1,5
"Capniidae","Rhyacophilidae",15,0,6,9
"Capniidae","Sialidae",1,0,1,0
"Capniidae","Simuliidae",13,0,7,6
"Capniidae","Tabanidae",2,0,1,1
"Capniidae","Turbellaria",4,0,2,2
"Capniidae","Uenoidae",1,0,0,1
"Chironomus","Chloroperlidae",4,0,4,0
"Chironomus","Coenagrionidae",12,7,5,0
"Chironomus","Cordulegastridae",3,3,0,0
"Chironomus","Corixidae",4,3,1,0
"Chironomus","Corydalidae",7,1,5,1
"Chironomus","Ephemerellidae",4,0,4,0
"Chironomus","Ephemeridae",2,0,2,0
"Chironomus","Glossosomatidae",1,0,0,1
"Chironomus","Gomphidae",5,2,3,0
"Chironomus","Haliplidae",3,3,0,0
"Chironomus","Helicopsychidae",0,0,0,0
"Chironomus","Heptageniidae",19,3,14,2
"Chironomus","Hirudinea",17,14,3,0
"Chironomus","Hydroptilidae",11,5,6,0
"Chironomus","Isonychiidae",4,0,2,2
"Chironomus","Lepidostomatidae",1,0,1,0
"Chironomus","Leptohyphidae",5,0,3,2
"Chironomus","Leptophlebiidae",6,1,4,1
"Chironomus","Leuctridae",3,0,2,1
"Chironomus","Lymnaeidae",7,4,3,0
"Chironomus","Nemouridae",0,0,0,0
"Chironomus","Odontoceridae",0,0,0,0
"Chironomus","Pelecypoda",22,13,9,0
"Chironomus","Peltoperlidae",0,0,0,0
"Chironomus","Perlidae",5,0,5,0
"Chironomus","Perlodidae",2,0,2,0
"Chironomus","Philopotamidae",18,2,14,2
"Chironomus","Physidae",22,17,5,0
"Chironomus","Polycentropodidae",4,1,3,0
"Chironomus","Polymitarcyidae",0,0,0,0
"Chironomus","Potamanthidae",1,0,1,0
"Chironomus","Psephenidae",20,3,16,1
"Chironomus","Pteronarcidae",0,0,0,0
"Chironomus","Rhyacophilidae",8,1,7,0
"Chironomus","Sialidae",8,3,5,0
"Chironomus","Simuliidae",23,11,10,2
"Chironomus","Tabanidae",13,7,6,0
"Chironomus","Turbellaria",22,12,10,0
"Chironomus","Uenoidae",1,0,1,0
"Chloroperlidae","Coenagrionidae",0,0,0,0
"Chloroperlidae","Cordulegastridae",12,0,9,3
"Chloroperlidae","Corixidae",0,0,0,0
"Chloroperlidae","Corydalidae",49,0,12,37
"Chloroperlidae","Ephemerellidae",117,0,31,86
"Chloroperlidae","Ephemeridae",1,0,0,1
"Chloroperlidae","Glossosomatidae",31,0,5,26
"Chloroperlidae","Gomphidae",58,1,18,39
"Chloroperlidae","Haliplidae",0,0,0,0
"Chloroperlidae","Helicopsychidae",3,0,0,3
"Chloroperlidae","Heptageniidae",148,0,39,109
"Chloroperlidae","Hirudinea",3,0,1,2
"Chloroperlidae","Hydroptilidae",29,0,2,27
"Chloroperlidae","Isonychiidae",38,1,4,33
"Chloroperlidae","Lepidostomatidae",54,0,11,43
"Chloroperlidae","Leptohyphidae",7,0,1,6
"Chloroperlidae","Leptophlebiidae",81,0,14,67
"Chloroperlidae","Leuctridae",125,0,40,85
"Chloroperlidae","Lymnaeidae",5,0,2,3
"Chloroperlidae","Nemouridae",25,0,8,17
"Chloroperlidae","Odontoceridae",24,0,6,18
"Chloroperlidae","Pelecypoda",14,0,6,8
"Chloroperlidae","Peltoperlidae",39,0,12,27
"Chloroperlidae","Perlidae",111,0,28,83
"Chloroperlidae","Perlodidae",77,0,21,56
"Chloroperlidae","Philopotamidae",165,1,52,112
"Chloroperlidae","Physidae",10,1,4,5
"Chloroperlidae","Polycentropodidae",42,0,12,30
"Chloroperlidae","Polymitarcyidae",0,0,0,0
"Chloroperlidae","Potamanthidae",0,0,0,0
"Chloroperlidae","Psephenidae",71,0,21,50
"Chloroperlidae","Pteronarcidae",49,0,6,43
"Chloroperlidae","Rhyacophilidae",116,0,32,84
"Chloroperlidae","Sialidae",10,0,4,6
"Chloroperlidae","Simuliidae",105,0,39,66
"Chloroperlidae","Tabanidae",17,0,13,4
"Chloroperlidae","Turbellaria",20,1,6,13
"Chloroperlidae","Uenoidae",19,0,5,14
"Coenagrionidae","Cordulegastridae",2,2,0,0
"Coenagrionidae","Corixidae",9,5,4,0
"Coenagrionidae","Corydalidae",26,2,14,10
"Coenagrionidae","Ephemerellidae",23,0,7,16
"Coenagrionidae","Ephemeridae",5,0,3,2
"Coenagrionidae","Glossosomatidae",0,0,0,0
"Coenagrionidae","Gomphidae",11,0,7,4
"Coenagrionidae","Haliplidae",8,6,2,0
"Coenagrionidae","Helicopsychidae",6,0,3,3
"Coenagrionidae","Heptageniidae",57,6,29,22
"Coenagrionidae","Hirudinea",21,17,3,1
"Coenagrionidae","Hydroptilidae",21,6,11,4
"Coenagrionidae","Isonychiidae",37,0,18,19
"Coenagrionidae","Lepidostomatidae",4,0,1,3
"Coenagrionidae","Leptohyphidae",16,0,9,7
"Coenagrionidae","Leptophlebiidae",8,0,6,2
"Coenagrionidae","Leuctridae",3,1,2,0
"Coenagrionidae","Lymnaeidae",9,5,4,0
"Coenagrionidae","Nemouridae",0,0,0,0
"Coenagrionidae","Odontoceridae",3,0,1,2
"Coenagrionidae","Pelecypoda",28,13,13,2
"Coenagrionidae","Peltoperlidae",0,0,0,0
"Coenagrionidae","Perlidae",27,1,11,15
"Coenagrionidae","Perlodidae",0,0,0,0
"Coenagrionidae","Philopotamidae",60,7,34,19
"Coenagrionidae","Physidae",29,15,10,4
"Coenagrionidae","Polycentropodidae",9,0,4,5
"Coenagrionidae","Polymitarcyidae",2,0,1,1
"Coenagrionidae","Potamanthidae",4,0,2,2
"Coenagrionidae","Psephenidae",55,4,35,16
"Coenagrionidae","Pteronarcidae",0,0,0,0
"Coenagrionidae","Rhyacophilidae",4,0,2,2
"Coenagrionidae","Sialidae",16,1,9,6
"Coenagrionidae","Simuliidae",32,9,13,10
"Coenagrionidae","Tabanidae",7,3,3,1
"Coenagrionidae","Turbellaria",51,26,15,10
"Coenagrionidae","Uenoidae",3,0,1,2
"Cordulegastridae","Corixidae",0,0,0,0
"Cordulegastridae","Corydalidae",11,2,6,3
"Cordulegastridae","Ephemerellidae",16,1,8,7
"Cordulegastridae","Ephemeridae",1,0,0,1
"Cordulegastridae","Glossosomatidae",5,0,2,3
"Cordulegastridae","Gomphidae",13,1,8,4
"Cordulegastridae","Haliplidae",1,1,0,0
"Cordulegastridae","Helicopsychidae",1,0,0,1
"Cordulegastridae","Heptageniidae",14,1,7,6
"Cordulegastridae","Hirudinea",1,1,0,0
"Cordulegastridae","Hydroptilidae",2,0,1,1
"Cordulegastridae","Isonychiidae",6,1,2,3
"Cordulegastridae","Lepidostomatidae",7,0,3,4
"Cordulegastridae","Leptohyphidae",2,1,1,0
"Cordulegastridae","Leptophlebiidae",5,1,2,2
"Cordulegastridae","Leuctridae",19,2,11,6
"Cordulegastridae","Lymnaeidae",1,0,0,1
"Cordulegastridae","Nemouridae",2,0,1,1
"Cordulegastridae","Odontoceridae",2,0,1,1
"Cordulegastridae","Pelecypoda",4,2,0,2
"Cordulegastridae","Peltoperlidae",3,0,2,1
"Cordulegastridae","Perlidae",14,0,7,7
"Cordulegastridae","Perlodidae",7,0,3,4
"Cordulegastridae","Philopotamidae",16,1,7,8
"Cordulegastridae","Physidae",2,1,1,0
"Cordulegastridae","Polycentropodidae",4,1,2,1
"Cordulegastridae","Polymitarcyidae",0,0,0,0
"Cordulegastridae","Potamanthidae",0,0,0,0
"Cordulegastridae","Psephenidae",10,1,4,5
"Cordulegastridae","Pteronarcidae",6,0,1,5
"Cordulegastridae","Rhyacophilidae",18,1,8,9
"Cordulegastridae","Sialidae",0,0,0,0
"Cordulegastridae","Simuliidae",13,1,7,5
"Cordulegastridae","Tabanidae",9,2,5,2
"Cordulegastridae","Turbellaria",2,1,0,1
"Cordulegastridae","Uenoidae",1,0,0,1
"Corixidae","Corydalidae",1,0,1,0
"Corixidae","Ephemerellidae",1,0,1,0
"Corixidae","Ephemeridae",0,0,0,0
"Corixidae","Glossosomatidae",0,0,0,0
"Corixidae","Gomphidae",2,0,2,0
"Corixidae","Haliplidae",3,2,1,0
"Corixidae","Helicopsychidae",0,0,0,0
"Corixidae","Heptageniidae",5,1,4,0
"Corixidae","Hirudinea",6,5,1,0
"Corixidae","Hydroptilidae",3,2,1,0
"Corixidae","Isonychiidae",0,0,0,0
"Corixidae","Lepidostomatidae",0,0,0,0
"Corixidae","Leptohyphidae",3,1,2,0
"Corixidae","Leptophlebiidae",1,0,1,0
"Corixidae","Leuctridae",0,0,0,0
"Corixidae","Lymnaeidae",2,1,1,0
"Corixidae","Nemouridae",0,0,0,0
"Corixidae","Odontoceridae",1,0,1,0
"Corixidae","Pelecypoda",3,3,0,0
"Corixidae","Peltoperlidae",0,0,0,0
"Corixidae","Perlidae",1,0,1,0
"Corixidae","Perlodidae",0,0,0,0
"Corixidae","Philopotamidae",3,0,3,0
"Corixidae","Physidae",6,5,1,0
"Corixidae","Polycentropodidae",1,0,1,0
"Corixidae","Polymitarcyidae",0,0,0,0
"Corixidae","Potamanthidae",0,0,0,0
"Corixidae","Psephenidae",2,0,2,0
"Corixidae","Pteronarcidae",0,0,0,0
"Corixidae","Rhyacophilidae",0,0,0,0
"Corixidae","Sialidae",2,1,1,0
"Corixidae","Simuliidae",5,3,2,0
"Corixidae","Tabanidae",5,3,2,0
"Corixidae","Turbellaria",4,4,0,0
"Corixidae","Uenoidae",0,0,0,0
"Corydalidae","Ephemerellidae",231,3,57,171
"Corydalidae","Ephemeridae",25,0,7,18
"Corydalidae","Glossosomatidae",108,1,21,86
"Corydalidae","Gomphidae",148,2,45,101
"Corydalidae","Haliplidae",0,0,0,0
"Corydalidae","Helicopsychidae",44,0,13,31
"Corydalidae","Heptageniidae",404,4,148,252
"Corydalidae","Hirudinea",14,2,7,5
"Corydalidae","Hydroptilidae",92,3,39,50
"Corydalidae","Isonychiidae",302,1,106,195
"Corydalidae","Lepidostomatidae",35,0,12,23
"Corydalidae","Leptohyphidae",62,0,21,41
"Corydalidae","Leptophlebiidae",115,1,23,91
"Corydalidae","Leuctridae",119,2,42,75
"Corydalidae","Lymnaeidae",9,0,5,4
"Corydalidae","Nemouridae",4,0,1,3
"Corydalidae","Odontoceridae",44,0,10,34
"Corydalidae","Pelecypoda",71,3,35,33
"Corydalidae","Peltoperlidae",27,0,12,15
"Corydalidae","Perlidae",426,2,156,268
"Corydalidae","Perlodidae",24,0,4,20
"Corydalidae","Philopotamidae",486,9,208,269
"Corydalidae","Physidae",25,4,15,6
"Corydalidae","Polycentropodidae",59,1,17,41
"Corydalidae","Polymitarcyidae",9,0,1,8
"Corydalidae","Potamanthidae",5,0,2,3
"Corydalidae","Psephenidae",367,8,162,197
"Corydalidae","Pteronarcidae",44,0,10,34
"Corydalidae","Rhyacophilidae",157,2,47,108
"Corydalidae","Sialidae",37,2,19,16
"Corydalidae","Simuliidae",236,12,124,100
"Corydalidae","Tabanidae",23,3,9,11
"Corydalidae","Turbellaria",85,6,48,31
"Corydalidae","Uenoidae",15,1,4,10
"Ephemerellidae","Ephemeridae",25,0,4,21
"Ephemerellidae","Glossosomatidae",139,1,17,121
"Ephemerellidae","Gomphidae",174,0,33,141
"Ephemerellidae","Haliplidae",1,0,0,1
"Ephemerellidae","Helicopsychidae",47,0,13,34
"Ephemerellidae","Heptageniidae",557,1,130,426
"Ephemerellidae","Hirudinea",13,0,3,10
"Ephemerellidae","Hydroptilidae",103,1,25,77
"Ephemerellidae","Isonychiidae",395,1,80,314
"Ephemerellidae","Lepidostomatidae",101,0,20,81
"Ephemerellidae","Leptohyphidae",97,0,21,76
"Ephemerellidae","Leptophlebiidae",222,1,34,187
"Ephemerellidae","Leuctridae",198,1,48,149
"Ephemerellidae","Lymnaeidae",10,1,5,4
"Ephemerellidae","Nemouridae",25,0,7,18
"Ephemerellidae","Odontoceridae",72,0,11,61
"Ephemerellidae","Pelecypoda",84,0,27,57
"Ephemerellidae","Peltoperlidae",43,0,6,37
"Ephemerellidae","Perlidae",524,1,112,411
"Ephemerellidae","Perlodidae",94,0,11,83
"Ephemerellidae","Philopotamidae",572,2,149,421
"Ephemerellidae","Physidae",32,1,13,18
"Ephemerellidae","Polycentropodidae",92,0,28,64
"Ephemerellidae","Polymitarcyidae",15,0,1,14
"Ephemerellidae","Potamanthidae",13,0,3,10
"Ephemerellidae","Psephenidae",385,1,104,280
"Ephemerellidae","Pteronarcidae",89,0,10,79
"Ephemerellidae","Rhyacophilidae",257,1,53,203
"Ephemerellidae","Sialidae",32,0,11,21
"Ephemerellidae","Simuliidae",293,2,96,195
"Ephemerellidae","Tabanidae",25,2,11,12
"Ephemerellidae","Turbellaria",117,2,44,71
"Ephemerellidae","Uenoidae",32,1,8,23
"Ephemeridae","Glossosomatidae",5,0,1,4
"Ephemeridae","Gomphidae",28,0,6,22
"Ephemeridae","Haliplidae",0,0,0,0
"Ephemeridae","Helicopsychidae",6,0,3,3
"Ephemeridae","Heptageniidae",51,0,16,35
"Ephemeridae","Hirudinea",2,0,1,1
"Ephemeridae","Hydroptilidae",9,0,7,2
"Ephemeridae","Isonychiidae",37,0,11,26
"Ephemeridae","Lepidostomatidae",2,0,1,1
"Ephemeridae","Leptohyphidae",14,0,4,10
"Ephemeridae","Leptophlebiidae",15,0,1,14
"Ephemeridae","Leuctridae",14,0,4,10
"Ephemeridae","Lymnaeidae",1,0,0,1
"Ephemeridae","Nemouridae",1,0,0,1
"Ephemeridae","Odontoceridae",3,0,0,3
"Ephemeridae","Pelecypoda",8,0,2,6
"Ephemeridae","Peltoperlidae",3,0,1,2
"Ephemeridae","Perlidae",36,0,4,32
"Ephemeridae","Perlodidae",4,0,1,3
"Ephemeridae","Philopotamidae",46,0,18,28
"Ephemeridae","Physidae",4,0,3,1
"Ephemeridae","Polycentropodidae",8,0,2,6
"Ephemeridae","Polymitarcyidae",0,0,0,0
"Ephemeridae","Potamanthidae",5,0,1,4
"Ephemeridae","Psephenidae",52,0,18,34
"Ephemeridae","Pteronarcidae",4,0,1,3
"Ephemeridae","Rhyacophilidae",11,0,3,8
"Ephemeridae","Sialidae",11,0,3,8
"Ephemeridae","Simuliidae",18,0,4,14
"Ephemeridae","Tabanidae",6,0,4,2
"Ephemeridae","Turbellaria",7,0,6,1
"Ephemeridae","Uenoidae",1,0,0,1
"Glossosomatidae","Gomphidae",68,0,14,54
"Glossosomatidae","Haliplidae",0,0,0,0
"Glossosomatidae","Helicopsychidae",9,0,1,8
"Glossosomatidae","Heptageniidae",184,1,33,150
"Glossosomatidae","Hirudinea",6,0,2,4
"Glossosomatidae","Hydroptilidae",30,0,11,19
"Glossosomatidae","Isonychiidae",123,0,20,103
"Glossosomatidae","Lepidostomatidae",32,0,6,26
"Glossosomatidae","Leptohyphidae",21,0,2,19
"Glossosomatidae","Leptophlebiidae",73,0,6,67
"Glossosomatidae","Leuctridae",85,0,19,66
"Glossosomatidae","Lymnaeidae",4,1,2,1
"Glossosomatidae","Nemouridae",4,0,1,3
"Glossosomatidae","Odontoceridae",30,0,4,26
"Glossosomatidae","Pelecypoda",14,0,4,10
"Glossosomatidae","Peltoperlidae",13,0,4,9
"Glossosomatidae","Perlidae",202,1,40,161
"Glossosomatidae","Perlodidae",26,0,3,23
"Glossosomatidae","Philopotamidae",213,2,53,158
"Glossosomatidae","Physidae",4,0,2,2
"Glossosomatidae","Polycentropodidae",26,0,3,23
"Glossosomatidae","Polymitarcyidae",0,0,0,0
"Glossosomatidae","Potamanthidae",1,0,0,1
"Glossosomatidae","Psephenidae",151,1,41,109
"Glossosomatidae","Pteronarcidae",34,0,5,29
"Glossosomatidae","Rhyacophilidae",105,0,24,81
"Glossosomatidae","Sialidae",7,0,2,5
"Glossosomatidae","Simuliidae",85,1,26,58
"Glossosomatidae","Tabanidae",8,1,3,4
"Glossosomatidae","Turbellaria",24,0,9,15
"Glossosomatidae","Uenoidae",6,0,1,5
"Gomphidae","Haliplidae",0,0,0,0
"Gomphidae","Helicopsychidae",27,0,3,24
"Gomphidae","Heptageniidae",273,1,70,202
"Gomphidae","Hirudinea",6,0,1,5
"Gomphidae","Hydroptilidae",42,0,14,28
"Gomphidae","Isonychiidae",195,1,48,146
"Gomphidae","Lepidostomatidae",43,0,7,36
"Gomphidae","Leptohyphidae",70,1,20,49
"Gomphidae","Leptophlebiidae",96,0,19,77
"Gomphidae","Leuctridae",106,1,30,75
"Gomphidae","Lymnaeidae",9,0,5,4
"Gomphidae","Nemouridae",12,0,4,8
"Gomphidae","Odontoceridae",49,0,8,41
"Gomphidae","Pelecypoda",43,0,16,27
"Gomphidae","Peltoperlidae",26,0,9,17
"Gomphidae","Perlidae",251,0,62,189
"Gomphidae","Perlodidae",34,0,6,28
"Gomphidae","Philopotamidae",277,1,84,192
"Gomphidae","Physidae",19,1,10,8
"Gomphidae","Polycentropodidae",48,0,11,37
"Gomphidae","Polymitarcyidae",3,0,1,2
"Gomphidae","Potamanthidae",4,0,0,4
"Gomphidae","Psephenidae",224,1,80,143
"Gomphidae","Pteronarcidae",50,0,8,42
"Gomphidae","Rhyacophilidae",114,0,24,90
"Gomphidae","Sialidae",23,1,11,11
"Gomphidae","Simuliidae",118,1,45,72
"Gomphidae","Tabanidae",32,3,17,12
"Gomphidae","Turbellaria",43,2,18,23
"Gomphidae","Uenoidae",16,0,3,13
"Haliplidae","Helicopsychidae",0,0,0,0
"Haliplidae","Heptageniidae",3,2,1,0
"Haliplidae","Hirudinea",5,4,1,0
"Haliplidae","Hydroptilidae",2,0,2,0
"Haliplidae","Isonychiidae",1,0,0,1
"Haliplidae","Lepidostomatidae",0,0,0,0
"Haliplidae","Leptohyphidae",1,1,0,0
"Haliplidae","Leptophlebiidae",1,0,0,1
"Haliplidae","Leuctridae",1,0,0,1
"Haliplidae","Lymnaeidae",4,1,2,1
"Haliplidae","Nemouridae",0,0,0,0
"Haliplidae","Odontoceridae",0,0,0,0
"Haliplidae","Pelecypoda",5,4,1,0
"Haliplidae","Peltoperlidae",0,0,0,0
"Haliplidae","Perlidae",1,0,0,1
"Haliplidae","Perlodidae",0,0,0,0
"Haliplidae","Philopotamidae",1,0,0,1
"Haliplidae","Physidae",6,4,1,1
"Haliplidae","Polycentropodidae",3,1,1,1
"Haliplidae","Polymitarcyidae",0,0,0,0
"Haliplidae","Potamanthidae",0,0,0,0
"Haliplidae","Psephenidae",2,0,1,1
"Haliplidae","Pteronarcidae",0,0,0,0
"Haliplidae","Rhyacophilidae",0,0,0,0
"Haliplidae","Sialidae",0,0,0,0
"Haliplidae","Simuliidae",3,2,1,0
"Haliplidae","Tabanidae",3,2,1,0
"Haliplidae","Turbellaria",6,4,1,1
"Haliplidae","Uenoidae",0,0,0,0
"Helicopsychidae","Heptageniidae",91,1,31,59
"Helicopsychidae","Hirudinea",2,0,2,0
"Helicopsychidae","Hydroptilidae",31,0,18,13
"Helicopsychidae","Isonychiidae",74,0,23,51
"Helicopsychidae","Lepidostomatidae",12,1,0,11
"Helicopsychidae","Leptohyphidae",26,0,10,16
"Helicopsychidae","Leptophlebiidae",8,0,1,7
"Helicopsychidae","Leuctridae",4,0,1,3
"Helicopsychidae","Lymnaeidae",3,0,1,2
"Helicopsychidae","Nemouridae",0,0,0,0
"Helicopsychidae","Odontoceridae",15,0,6,9
"Helicopsychidae","Pelecypoda",13,1,5,7
"Helicopsychidae","Peltoperlidae",1,0,0,1
"Helicopsychidae","Perlidae",76,0,22,54
"Helicopsychidae","Perlodidae",2,0,1,1
"Helicopsychidae","Philopotamidae",105,1,38,66
"Helicopsychidae","Physidae",11,2,3,6
"Helicopsychidae","Polycentropodidae",11,0,3,8
"Helicopsychidae","Polymitarcyidae",3,0,0,3
"Helicopsychidae","Potamanthidae",2,0,0,2
"Helicopsychidae","Psephenidae",103,2,43,58
"Helicopsychidae","Pteronarcidae",4,0,1,3
"Helicopsychidae","Rhyacophilidae",29,1,9,19
"Helicopsychidae","Sialidae",5,0,1,4
"Helicopsychidae","Simuliidae",35,2,15,18
"Helicopsychidae","Tabanidae",10,0,4,6
"Helicopsychidae","Turbellaria",39,1,23,15
"Helicopsychidae","Uenoidae",3,0,0,3
"Heptageniidae","Hirudinea",42,9,20,13
"Heptageniidae","Hydroptilidae",189,2,83,104
"Heptageniidae","Isonychiidae",662,1,213,448
"Heptageniidae","Lepidostomatidae",103,1,19,83
"Heptageniidae","Leptohyphidae",174,3,55,116
"Heptageniidae","Leptophlebiidae",320,0,81,239
"Heptageniidae","Leuctridae",283,2,75,206
"Heptageniidae","Lymnaeidae",20,2,13,5
"Heptageniidae","Nemouridae",31,1,8,22
"Heptageniidae","Odontoceridae",95,0,16,79
"Heptageniidae","Pelecypoda",147,6,73,68
"Heptageniidae","Peltoperlidae",57,0,16,41
"Heptageniidae","Perlidae",839,1,256,582
"Heptageniidae","Perlodidae",103,0,21,82
"Heptageniidae","Philopotamidae",1007,11,376,620
"Heptageniidae","Physidae",72,5,40,27
"Heptageniidae","Polycentropodidae",124,1,40,83
"Heptageniidae","Polymitarcyidae",23,0,4,19
"Heptageniidae","Potamanthidae",23,0,10,13
"Heptageniidae","Psephenidae",770,17,319,434
"Heptageniidae","Pteronarcidae",109,0,17,92
"Heptageniidae","Rhyacophilidae",311,0,84,227
"Heptageniidae","Sialidae",80,4,45,31
"Heptageniidae","Simuliidae",522,19,237,266
"Heptageniidae","Tabanidae",53,5,23,25
"Heptageniidae","Turbellaria",231,11,128,92
"Heptageniidae","Uenoidae",37,0,8,29
"Hirudinea","Hydroptilidae",22,9,12,1
"Hirudinea","Isonychiidae",16,0,6,10
"Hirudinea","Lepidostomatidae",1,0,0,1
"Hirudinea","Leptohyphidae",4,1,3,0
"Hirudinea","Leptophlebiidae",10,1,4,5
"Hirudinea","Leuctridae",7,3,2,2
"Hirudinea","Lymnaeidae",10,6,3,1
"Hirudinea","Nemouridae",1,0,0,1
"Hirudinea","Odontoceridae",1,0,1,0
"Hirudinea","Pelecypoda",36,29,4,3
"Hirudinea","Peltoperlidae",0,0,0,0
"Hirudinea","Perlidae",16,0,6,10
"Hirudinea","Perlodidae",2,0,1,1
"Hirudinea","Philopotamidae",42,10,23,9
"Hirudinea","Physidae",34,25,8,1
"Hirudinea","Polycentropodidae",6,2,4,0
"Hirudinea","Polymitarcyidae",1,0,1,0
"Hirudinea","Potamanthidae",1,0,1,0
"Hirudinea","Psephenidae",40,9,24,7
"Hirudinea","Pteronarcidae",0,0,0,0
"Hirudinea","Rhyacophilidae",7,0,4,3
"Hirudinea","Sialidae",6,3,3,0
"Hirudinea","Simuliidae",63,30,27,6
"Hirudinea","Tabanidae",8,6,1,1
"Hirudinea","Turbellaria",63,44,18,1
"Hirudinea","Uenoidae",2,0,1,1
"Hydroptilidae","Isonychiidae",128,0,51,77
"Hydroptilidae","Lepidostomatidae",27,0,3,24
"Hydroptilidae","Leptohyphidae",67,1,30,36
"Hydroptilidae","Leptophlebiidae",40,1,11,28
"Hydroptilidae","Leuctridae",49,1,16,32
"Hydroptilidae","Lymnaeidae",12,3,8,1
"Hydroptilidae","Nemouridae",4,0,1,3
"Hydroptilidae","Odontoceridae",5,0,2,3
"Hydroptilidae","Pelecypoda",43,6,26,11
"Hydroptilidae","Peltoperlidae",12,0,1,11
"Hydroptilidae","Perlidae",147,1,50,96
"Hydroptilidae","Perlodidae",21,0,4,17
"Hydroptilidae","Philopotamidae",216,4,100,112
"Hydroptilidae","Physidae",41,6,26,9
"Hydroptilidae","Polycentropodidae",37,3,12,22
"Hydroptilidae","Polymitarcyidae",8,0,1,7
"Hydroptilidae","Potamanthidae",5,0,2,3
"Hydroptilidae","Psephenidae",182,3,100,79
"Hydroptilidae","Pteronarcidae",10,0,3,7
"Hydroptilidae","Rhyacophilidae",62,0,16,46
"Hydroptilidae","Sialidae",17,1,7,9
"Hydroptilidae","Simuliidae",151,14,106,31
"Hydroptilidae","Tabanidae",15,1,8,6
"Hydroptilidae","Turbellaria",110,17,62,31
"Hydroptilidae","Uenoidae",11,0,3,8
"Isonychiidae","Lepidostomatidae",55,0,7,48
"Isonychiidae","Leptohyphidae",119,2,28,89
"Isonychiidae","Leptophlebiidae",167,0,25,142
"Isonychiidae","Leuctridae",119,0,30,89
"Isonychiidae","Lymnaeidae",9,0,5,4
"Isonychiidae","Nemouridae",1,0,1,0
"Isonychiidae","Odontoceridae",71,0,11,60
"Isonychiidae","Pelecypoda",85,2,30,53
"Isonychiidae","Peltoperlidae",15,0,5,10
"Isonychiidae","Perlidae",611,3,180,428
"Isonychiidae","Perlodidae",34,0,4,30
"Isonychiidae","Philopotamidae",696,4,247,445
"Isonychiidae","Physidae",38,0,17,21
"Isonychiidae","Polycentropodidae",71,1,20,50
"Isonychiidae","Polymitarcyidae",23,0,5,18
"Isonychiidae","Potamanthidae",15,0,4,11
"Isonychiidae","Psephenidae",550,2,211,337
"Isonychiidae","Pteronarcidae",37,0,4,33
"Isonychiidae","Rhyacophilidae",176,0,44,132
"Isonychiidae","Sialidae",42,0,22,20
"Isonychiidae","Simuliidae",289,2,126,161
"Isonychiidae","Tabanidae",27,0,7,20
"Isonychiidae","Turbellaria",151,1,62,88
"Isonychiidae","Uenoidae",15,0,2,13
"Lepidostomatidae","Leptohyphidae",17,0,0,17
"Lepidostomatidae","Leptophlebiidae",58,0,8,50
"Lepidostomatidae","Leuctridae",68,1,20,47
"Lepidostomatidae","Lymnaeidae",3,0,1,2
"Lepidostomatidae","Nemouridae",16,0,8,8
"Lepidostomatidae","Odontoceridae",24,0,3,21
"Lepidostomatidae","Pelecypoda",24,0,6,18
"Lepidostomatidae","Peltoperlidae",20,0,4,16
"Lepidostomatidae","Perlidae",105,0,16,89
"Lepidostomatidae","Perlodidae",31,0,5,26
"Lepidostomatidae","Philopotamidae",125,0,30,95
"Lepidostomatidae","Physidae",7,0,5,2
"Lepidostomatidae","Polycentropodidae",25,0,5,20
"Lepidostomatidae","Polymitarcyidae",2,0,0,2
"Lepidostomatidae","Potamanthidae",5,0,1,4
"Lepidostomatidae","Psephenidae",61,1,17,43
"Lepidostomatidae","Pteronarcidae",26,0,3,23
"Lepidostomatidae","Rhyacophilidae",75,1,22,52
"Lepidostomatidae","Sialidae",4,0,2,2
"Lepidostomatidae","Simuliidae",56,1,17,38
"Lepidostomatidae","Tabanidae",9,0,5,4
"Lepidostomatidae","Turbellaria",25,0,10,15
"Lepidostomatidae","Uenoidae",7,0,2,5
"Leptohyphidae","Leptophlebiidae",49,1,16,32
"Leptohyphidae","Leuctridae",44,1,18,25
"Leptohyphidae","Lymnaeidae",6,0,5,1
"Leptohyphidae","Nemouridae",3,0,3,0
"Leptohyphidae","Odontoceridae",17,0,8,9
"Leptohyphidae","Pelecypoda",44,3,22,19
"Leptohyphidae","Peltoperlidae",0,0,0,0
"Leptohyphidae","Perlidae",144,3,42,99
"Leptohyphidae","Perlodidae",3,0,0,3
"Leptohyphidae","Philopotamidae",147,2,51,94
"Leptohyphidae","Physidae",24,2,11,11
"Leptohyphidae","Polycentropodidae",29,2,10,17
"Leptohyphidae","Polymitarcyidae",5,0,0,5
"Leptohyphidae","Potamanthidae",9,0,5,4
"Leptohyphidae","Psephenidae",143,4,59,80
"Leptohyphidae","Pteronarcidae",6,0,1,5
"Leptohyphidae","Rhyacophilidae",36,0,9,27
"Leptohyphidae","Sialidae",17,1,8,8
"Leptohyphidae","Simuliidae",89,4,39,46
"Leptohyphidae","Tabanidae",16,2,9,5
"Leptohyphidae","Turbellaria",43,2,21,20
"Leptohyphidae","Uenoidae",8,0,3,5
"Leptophlebiidae","Leuctridae",168,3,37,128
"Leptophlebiidae","Lymnaeidae",13,1,6,6
"Leptophlebiidae","Nemouridae",21,0,5,16
"Leptophlebiidae","Odontoceridae",39,0,7,32
"Leptophlebiidae","Pelecypoda",32,2,14,16
"Leptophlebiidae","Peltoperlidae",18,0,2,16
"Leptophlebiidae","Perlidae",291,3,60,228
"Leptophlebiidae","Perlodidae",56,0,6,50
"Leptophlebiidae","Philopotamidae",311,1,82,228
"Leptophlebiidae","Physidae",22,4,10,8
"Leptophlebiidae","Polycentropodidae",65,1,16,48
"Leptophlebiidae","Polymitarcyidae",4,0,0,4
"Leptophlebiidae","Potamanthidae",4,0,4,0
"Leptophlebiidae","Psephenidae",220,1,63,156
"Leptophlebiidae","Pteronarcidae",56,0,7,49
"Leptophlebiidae","Rhyacophilidae",116,1,21,94
"Leptophlebiidae","Sialidae",32,0,19,13
"Leptophlebiidae","Simuliidae",178,4,46,128
"Leptophlebiidae","Tabanidae",21,3,7,11
"Leptophlebiidae","Turbellaria",52,1,22,29
"Leptophlebiidae","Uenoidae",17,0,1,16
"Leuctridae","Lymnaeidae",9,0,5,4
"Leuctridae","Nemouridae",42,1,18,23
"Leuctridae","Odontoceridae",39,0,9,30
"Leuctridae","Pelecypoda",21,1,11,9
"Leuctridae","Peltoperlidae",50,0,14,36
"Leuctridae","Perlidae",283,1,89,193
"Leuctridae","Perlodidae",83,0,18,65
"Leuctridae","Philopotamidae",329,1,120,208
"Leuctridae","Physidae",21,4,12,5
"Leuctridae","Polycentropodidae",66,2,29,35
"Leuctridae","Polymitarcyidae",3,0,1,2
"Leuctridae","Potamanthidae",2,0,0,2
"Leuctridae","Psephenidae",189,0,70,119
"Leuctridae","Pteronarcidae",78,0,14,64
"Leuctridae","Rhyacophilidae",189,2,75,112
"Leuctridae","Sialidae",33,1,17,15
"Leuctridae","Simuliidae",213,5,101,107
"Leuctridae","Tabanidae",29,0,20,9
"Leuctridae","Turbellaria",37,4,20,13
"Leuctridae","Uenoidae",18,0,4,14
"Lymnaeidae","Nemouridae",1,0,0,1
"Lymnaeidae","Odontoceridae",1,0,1,0
"Lymnaeidae","Pelecypoda",15,10,5,0
"Lymnaeidae","Peltoperlidae",0,0,0,0
"Lymnaeidae","Perlidae",16,0,6,10
"Lymnaeidae","Perlodidae",2,0,1,1
"Lymnaeidae","Philopotamidae",27,3,15,9
"Lymnaeidae","Physidae",26,8,15,3
"Lymnaeidae","Polycentropodidae",4,0,1,3
"Lymnaeidae","Polymitarcyidae",0,0,0,0
"Lymnaeidae","Potamanthidae",1,0,1,0
"Lymnaeidae","Psephenidae",24,3,14,7
"Lymnaeidae","Pteronarcidae",1,1,0,0
"Lymnaeidae","Rhyacophilidae",3,0,1,2
"Lymnaeidae","Sialidae",2,1,1,0
"Lymnaeidae","Simuliidae",24,5,11,8
"Lymnaeidae","Tabanidae",5,2,3,0
"Lymnaeidae","Turbellaria",14,4,7,3
"Lymnaeidae","Uenoidae",1,0,0,1
"Nemouridae","Odontoceridae",2,0,1,1
"Nemouridae","Pelecypoda",4,0,3,1
"Nemouridae","Peltoperlidae",5,0,1,4
"Nemouridae","Perlidae",13,0,5,8
"Nemouridae","Perlodidae",20,0,4,16
"Nemouridae","Philopotamidae",34,0,12,22
"Nemouridae","Physidae",0,0,0,0
"Nemouridae","Polycentropodidae",11,0,7,4
"Nemouridae","Polymitarcyidae",0,0,0,0
"Nemouridae","Potamanthidae",0,0,0,0
"Nemouridae","Psephenidae",6,0,3,3
"Nemouridae","Pteronarcidae",13,0,4,9
"Nemouridae","Rhyacophilidae",36,0,17,19
"Nemouridae","Sialidae",4,0,3,1
"Nemouridae","Simuliidae",39,1,18,20
"Nemouridae","Tabanidae",6,0,5,1
"Nemouridae","Turbellaria",4,0,4,0
"Nemouridae","Uenoidae",3,0,0,3
"Odontoceridae","Pelecypoda",8,0,3,5
"Odontoceridae","Peltoperlidae",7,0,0,7
"Odontoceridae","Perlidae",103,0,19,84
"Odontoceridae","Perlodidae",10,0,3,7
"Odontoceridae","Philopotamidae",92,0,15,77
"Odontoceridae","Physidae",7,0,4,3
"Odontoceridae","Polycentropodidae",18,0,5,13
"Odontoceridae","Polymitarcyidae",1,0,0,1
"Odontoceridae","Potamanthidae",0,0,0,0
"Odontoceridae","Psephenidae",85,0,23,62
"Odontoceridae","Pteronarcidae",14,0,5,9
"Odontoceridae","Rhyacophilidae",38,0,9,29
"Odontoceridae","Sialidae",6,0,5,1
"Odontoceridae","Simuliidae",35,0,10,25
"Odontoceridae","Tabanidae",12,0,10,2
"Odontoceridae","Turbellaria",21,0,5,16
"Odontoceridae","Uenoidae",7,0,1,6
"Pelecypoda","Peltoperlidae",8,0,4,4
"Pelecypoda","Perlidae",107,5,34,68
"Pelecypoda","Perlodidae",7,0,1,6
"Pelecypoda","Philopotamidae",154,13,74,67
"Pelecypoda","Physidae",39,21,16,2
"Pelecypoda","Polycentropodidae",22,5,9,8
"Pelecypoda","Polymitarcyidae",4,0,0,4
"Pelecypoda","Potamanthidae",6,0,4,2
"Pelecypoda","Psephenidae",146,16,80,50
"Pelecypoda","Pteronarcidae",5,0,2,3
"Pelecypoda","Rhyacophilidae",29,0,11,18
"Pelecypoda","Sialidae",23,1,13,9
"Pelecypoda","Simuliidae",133,37,58,38
"Pelecypoda","Tabanidae",15,8,6,1
"Pelecypoda","Turbellaria",90,33,43,14
"Pelecypoda","Uenoidae",6,0,5,1
"Peltoperlidae","Perlidae",54,0,18,36
"Peltoperlidae","Perlodidae",27,0,5,22
"Peltoperlidae","Philopotamidae",75,0,26,49
"Peltoperlidae","Physidae",4,0,3,1
"Peltoperlidae","Polycentropodidae",15,0,4,11
"Peltoperlidae","Polymitarcyidae",0,0,0,0
"Peltoperlidae","Potamanthidae",0,0,0,0
"Peltoperlidae","Psephenidae",30,0,13,17
"Peltoperlidae","Pteronarcidae",25,0,4,21
"Peltoperlidae","Rhyacophilidae",49,0,16,33
"Peltoperlidae","Sialidae",4,0,1,3
"Peltoperlidae","Simuliidae",39,0,14,25
"Peltoperlidae","Tabanidae",3,0,0,3
"Peltoperlidae","Turbellaria",4,0,3,1
"Peltoperlidae","Uenoidae",3,0,0,3
"Perlidae","Perlodidae",71,0,10,61
"Perlidae","Philopotamidae",903,2,327,574
"Perlidae","Physidae",47,2,24,21
"Perlidae","Polycentropodidae",108,0,30,78
"Perlidae","Polymitarcyidae",20,0,3,17
"Perlidae","Potamanthidae",14,0,4,10
"Perlidae","Psephenidae",698,7,260,431
"Perlidae","Pteronarcidae",100,0,21,79
"Perlidae","Rhyacophilidae",326,1,103,222
"Perlidae","Sialidae",51,1,25,25
"Perlidae","Simuliidae",434,8,185,241
"Perlidae","Tabanidae",46,4,19,23
"Perlidae","Turbellaria",161,1,71,89
"Perlidae","Uenoidae",25,1,5,19
"Perlodidae","Philopotamidae",115,0,25,90
"Perlodidae","Physidae",1,0,0,1
"Perlodidae","Polycentropodidae",21,0,7,14
"Perlodidae","Polymitarcyidae",2,0,0,2
"Perlodidae","Potamanthidae",0,0,0,0
"Perlodidae","Psephenidae",39,0,8,31
"Perlodidae","Pteronarcidae",44,0,4,40
"Perlodidae","Rhyacophilidae",96,0,21,75
"Perlodidae","Sialidae",4,0,0,4
"Perlodidae","Simuliidae",61,0,19,42
"Perlodidae","Tabanidae",5,0,4,1
"Perlodidae","Turbellaria",9,0,4,5
"Perlodidae","Uenoidae",13,0,3,10
"Philopotamidae","Physidae",82,7,47,28
"Philopotamidae","Polycentropodidae",132,3,43,86
"Philopotamidae","Polymitarcyidae",21,0,5,16
"Philopotamidae","Potamanthidae",17,0,7,10
"Philopotamidae","Psephenidae",855,28,400,427
"Philopotamidae","Pteronarcidae",123,1,21,101
"Philopotamidae","Rhyacophilidae",389,3,138,248
"Philopotamidae","Sialidae",71,3,39,29
"Philopotamidae","Simuliidae",642,36,329,277
"Philopotamidae","Tabanidae",54,4,26,24
"Philopotamidae","Turbellaria",321,39,179,103
"Philopotamidae","Uenoidae",34,0,10,24
"Physidae","Polycentropodidae",15,0,11,4
"Physidae","Polymitarcyidae",0,0,0,0
"Physidae","Potamanthidae",1,0,1,0
"Physidae","Psephenidae",72,9,43,20
"Physidae","Pteronarcidae",5,1,2,2
"Physidae","Rhyacophilidae",15,1,6,8
"Physidae","Sialidae",12,5,5,2
"Physidae","Simuliidae",78,28,41,9
"Physidae","Tabanidae",17,9,7,1
"Physidae","Turbellaria",57,26,23,8
"Physidae","Uenoidae",0,0,0,0
"Polycentropodidae","Polymitarcyidae",1,0,0,1
"Polycentropodidae","Potamanthidae",1,0,0,1
"Polycentropodidae","Psephenidae",90,2,38,50
"Polycentropodidae","Pteronarcidae",16,0,1,15
"Polycentropodidae","Rhyacophilidae",62,1,21,40
"Polycentropodidae","Sialidae",17,2,10,5
"Polycentropodidae","Simuliidae",80,4,32,44
"Polycentropodidae","Tabanidae",10,0,6,4
"Polycentropodidae","Turbellaria",34,4,15,15
"Polycentropodidae","Uenoidae",8,0,3,5
"Polymitarcyidae","Potamanthidae",2,0,0,2
"Polymitarcyidae","Psephenidae",20,0,2,18
"Polymitarcyidae","Pteronarcidae",0,0,0,0
"Polymitarcyidae","Rhyacophilidae",6,0,0,6
"Polymitarcyidae","Sialidae",2,0,1,1
"Polymitarcyidae","Simuliidae",10,0,3,7
"Polymitarcyidae","Tabanidae",0,0,0,0
"Polymitarcyidae","Turbellaria",4,0,1,3
"Polymitarcyidae","Uenoidae",1,0,0,1
"Potamanthidae","Psephenidae",18,0,9,9
"Potamanthidae","Pteronarcidae",0,0,0,0
"Potamanthidae","Rhyacophilidae",3,0,2,1
"Potamanthidae","Sialidae",5,0,2,3
"Potamanthidae","Simuliidae",5,0,2,3
"Potamanthidae","Tabanidae",0,0,0,0
"Potamanthidae","Turbellaria",4,0,2,2
"Potamanthidae","Uenoidae",0,0,0,0
"Psephenidae","Pteronarcidae",53,1,11,41
"Psephenidae","Rhyacophilidae",215,1,77,137
"Psephenidae","Sialidae",73,6,39,28
"Psephenidae","Simuliidae",417,36,214,167
"Psephenidae","Tabanidae",51,3,24,24
"Psephenidae","Turbellaria",278,34,158,86
"Psephenidae","Uenoidae",24,0,8,16
"Pteronarcidae","Rhyacophilidae",82,0,12,70
"Pteronarcidae","Sialidae",6,1,1,4
"Pteronarcidae","Simuliidae",65,0,16,49
"Pteronarcidae","Tabanidae",1,0,0,1
"Pteronarcidae","Turbellaria",9,0,2,7
"Pteronarcidae","Uenoidae",10,0,1,9
"Rhyacophilidae","Sialidae",21,0,14,7
"Rhyacophilidae","Simuliidae",220,2,99,119
"Rhyacophilidae","Tabanidae",18,1,13,4
"Rhyacophilidae","Turbellaria",53,0,30,23
"Rhyacophilidae","Uenoidae",21,1,3,17
"Sialidae","Simuliidae",32,2,20,10
"Sialidae","Tabanidae",14,4,7,3
"Sialidae","Turbellaria",24,2,17,5
"Sialidae","Uenoidae",3,0,1,2
"Simuliidae","Tabanidae",37,5,20,12
"Simuliidae","Turbellaria",233,64,122,47
"Simuliidae","Uenoidae",20,1,6,13
"Tabanidae","Turbellaria",21,9,9,3
"Tabanidae","Uenoidae",3,2,0,1
"Turbellaria","Uenoidae",4,0,1,3
NA,NA,NA,NA,NA,NA
